ID,Name,Sequence
ABO10538,hypothetical protein ,MNRREFLLNSTKTMFGTAAIASFPLSIQKALAIDAKVESGTIQDVKHIVILTQENRSFDNYFGTLKGVRGFGDRFTIPMTEGRKVWEQYDANKKKVLPYHLDSRLGNAQRVSGTPHSWSDGQAAWDNGRMSDWVAYKKPQSMGYYKKQEVEYQFALANAFTICDAYHCAMHAGTNPNRKFIWTGTNGPTGAGVASVVNEFDGIGPSTEGYEWTTYPERLLQAGVKWKVYQNMPDNFTDNPLAGFKQYRRANEQSGQPVSNDTLTCPAYDEKIDATQPLYKGIANTMPDGGFLGTFKADIAQGKLPQVSWLVAPATYSEHPGPSSPVQGAWYIQEVLNALTENPQVWSQTVLLVNFDENDGFFDHVPSPSAPSKDINGVVYGKTTLTDQQVSYEYFNHPAVATSKSQPKPDGRVYGPGVRVPMYVISPWSRGGWVNSQVFDHTSILQFLEKRFGVQEPNISPYRRAVCGDLTTAFNFKTPNLLPVAELDGKKTKAEADAIRVAQALLPQVPVPSQQQFPQQEMGIRPSRALPYILHTSAKVDAAQKTVKLMFSNTGKQAAVFHVYNRLDLTVIPRRYMVEAGKQLDDVWNTTNGQYDLWVLGPNGFHRAFKGNLSQANQTQALPEIRVCVEECDANLYLKVRHDGNKSVKLNVKANAYLPNKTWMIETNSSEKELVWDMSEFGGWYDFTVTLADDATFSRRFAGRIETQEDSISDPYMGYLES
ABO10541,putative virulence factor MviN family ,MALWRSTFIVSAMTMLSRVLGLVRDVVLLNVFGAGKDFDTFVVAFRIPNFFRRLFAEGAFSQAFIPVLTEYKTGRAHAEVQILISRVFGCLLTVMTLLTFVAMVLAPAIIYMYAPGFHNDPEKFDLAVSMFRLTIPYLMFMSLTAFASSILNSYGSFASPAFSPVLLNVAMIAGAWWLTPYMAEPIKALGWSVVAAGILQLAIQIPELWRKNLLIPPKVDFKHEGVERILKLMLPALFGVSVTQINLLLNTIWASFMQDGSVSWLYSAERMTELPLGLIGVAIGTVILPSLSARHAEQDQAKFRSMIDWAAKVIVLVGLPASIALFMLSTPIIQALFQRGEFDLRDTQMTALALQCMSAGVISFMLIKVFAPGFYAQQDTKTPVRVGLMSVAANAILNVVFIGFFKLINWHAEHMALALASSGSALVNAGLLYFYLHKRNIFRFGAHWKKLALQYGLANLAMIAALWFGLNWYNGELSQWIRVAEVVGLCVVGVIAYLIGLLLTGFRPRDLKH
ABO10542,FKBP-type 22KD peptidyl-prolyl cis-trans isomerase (rotamase) ,MKKISLVIAASTMSLSVFAAAPITNKSPAKDQFSYSYGYLMGRNNTDALTDLNLDIFYQGLQEGAQNKTARLTDEEMAKAINDYKKTLEAKQLVEFQKQGQQNAQAGAAFLAENAKKSGVITTKSGLQYQVLKEGTGKTPKATSRVKVNYEGRLLDGTVFDSSIARNHPVDFQLNQVIAGWTEGLQTMKEGGKTRFFIPAKLAYGEVGAGDSIGPNSTLIFDIELLQVLPK
ABO10543,FKBP-type peptidyl-prolyl cis-trans isomerase (rotamase) ,MSKALPIAVAVVLGGAALVPVYYATQHPTTEVGRKADKNASPIQKISYVLGYEVAQQTPPELDTKAFVQGIHDARNKQPSAYTQEDLKAAVAAYEKELQQKMQHQDKPEQAGTAADSADAQFLAENKTKAGVKTTASGLQYIITKEGTGKQPTAQSIVKVHYEGRLINGQVFDSSYKRGQPVEFPLNQVIPGWTEGLQLMKEGGKATFFIPSNLAYGPQELPGIPANSTLIFDVELISVK
ABO10789,putative membrane protein ,MSPRTQGYFFVLVTMCIWGGFTLFARLNAQWHISAWDIAALRFAIAFLILMPILIYKKDLAFLWSKHAVILALIGGVIYCLTVYTAFLYAPAAHAAIFLNGCIPICTAIAAYILFRQPFDKHTWVSLAIMITALALMSALMLQSSTSAFGIGDLLLFISAIWWGIFTVLLKQWKLSAWHSMASVAIWSAIIYLPIYLLFLPKHFMDVDPLHLAVQSIFHGVFVVIIATLTYVAAIQRLGAFKTGSIVTLAPFIAAILAVPLLGESLSPSIVVGLVGMGIGALQPWRWWFRQDSLTQKIKQQNTQN
ABO10790,dephosphocoenzyme A kinase ,MAFILGITGGIGSGKSAATQWFESQGIQVVDADIVAREVVEKGQPALQKIQQTFGDWVLQPDGSLDRRALREYIFQNPQARHTLEQITHPAIRQSIIQQLQNRKSPYVILVSPLLFETNQHELVNHTLLIDASEQTQIQRASQRDGQNQEQIQKIIAAQMPRERKRELANDIVFNDGLLEHLYQQLEPLHQSYLKRAN
ABO10791,type 4 prepilin-like proteins leader peptide processing enzyme ,MQDIIAYFIQNFTALYIAVALVSLCIGSFLNVVIYRTPKMMEQDWQQECQMLLNPEQPIIDHEKLTLSKPASSCPACQQPIRWYQNIPVISWLVLRGKCGHCQHPISIRYPAIELLTMLCSLVVVMVFGPTIQMLFGLVLTWVLIALTFIDFDTQLLPDRFTLTLAALGLGINTFNIYTSPNSAIWGYLIGFLCLWIVYYLFKVITGKEGMGYGDFKLLAALGAWMGPLMLPLIVLLSSLLGAIIGIILLKLRNDNQPFAFGPYIAIAGWVAFLWGDQIMKIYLGG
ABO10793,type 4 fimbrial biogenesis protein ,MSALHTSPKFTGFFRRLVEEKHVSAATMQTALDAAKRAKQDTVAYLIEEVHLSPSLLAETISAEFAEPYFDLDVYDTSQIPKDLVDQKLILKHRILPLIQRGQILYVATSNPSNIEAIDAIRFNSKLLVEPVIVEHHKLEKVLGQHFAEESSFDFNDEEFDLDVNLDGPTAQDDEEEAPQGDEAPIVKYINKLLIDAIRMGASDLHFEPYEKSYRVRYRVDGVLRQIANPPLQLANRLASRLKVMSQMDISEKRVPQDGRIKLKLSKSKAIDFRVNSLPTLFGEKLVLRILDPSSAMLGIDALGYEEDQKALFMEALDKPQGMLLITGPTGSGKTVSLYTGLNILNTESSNISTAEDPVEINLEGINQVNVNPKVGLTFAAALKSFLRQDPDIIMVGEIRDLETAEIAIKAAQTGHMVMSTLHTNSAPETLTRLRNMGVPSFNIATSVNLVIAQRLARRLCSQCKIPADIPKQSLLEMGFTEQDLAHPDFRVFQPVGCPECREGYKGRVGIYEVMKVTPEISKIIMEDGNALEIAAASEKLGFNNLRRSGLKKVMQGVTSLQEVNRVTSE
ABO10800,pH adaptation potassium efflux system E transmembrane protein ,MQLSKLLDRWFPHPFVSFLIIIFWLMLAHSLDASDLLMAVVLGLVIPRLVRPFITRTPHIHWKPAIKLCFVVLWDIIVSNFRVAKLVLGSPKKLHPKWYRVPLETEHEQVNSLLAMIITTTPGTVSAGIDQERGDILVHSLSTENTESDVQDIKQRYEAPLMEIFDVKSKSEDNA
ABO10803,pH adaptation potassium efflux system transmembrane protein ,MDTSVLPIIILLPLILGTTLVSLLQRFSRGVTALGAIGVSLTSFGLLLTQAKTVLGGASIQQSWDWLPQLGINLSFRLDALGLLFSLLITGIGTLIYIYAYYYLGPKNSLSKLYLLLMLFMAAMLGISLSNNLIILLVFWELTSISSFLLVGYWSHYEAAQRGSRMALTITGMGGLAMLGGFVLLGQITGTYEINDIVGMKDLIQSHYLFVPTLLLILLGTFTKSAQFPFHFWLPNAMAAPTPVSAYLHSATMVKAGIFLLARLAPIFIGAALYHNIVTFVGLFTLCMAACFAIFKEDLKGLLAYSTISHLGLIVCLLGIGSPLAVAAAIFHIINHATFKAALFMIAGIIDHETGTRDLRKLSGIWQLLPFTATLTMITAASMAGVPLTNGFISKEMFFTELLASLSGSTVIFASIIATLAGIFAVSYSIRLVHGVFFDGPVGKQVPNKNAHEPPIGMRAPAILLATLCILVGIFPALLVEPLVNSVTRASLMQPDFAGTHLAIWHGFNAPLIMSIIALVGGTLFYFALAKDGMIRKIDLDPRLGRLQGRILFDLFLKHLLLTSRKIKQKTENGSLQSYLFLIIAFSIVMVTLPLFNQGLTTGTRELTHAPWIAVVLWLTLFSGCWMMLWFHHERIKAVLISGAIGLVVTMVFVTMSAPDLALTQITVDVVTTVLLLMSLSLLPQLTPYESRRSRRWRDAALAIIGGLGIGWITWLILTRDHNSISWFFAQQSLPLGGGSNIVNVILVDFRGFDTFGEITVLGIAAIGALCLMDGMRVHGTTMTQGLTYRFNPSPLMFRITASWVLPLALVVSVYIFMRGHNYPGGGFIAGLITSMALIIQYIALGQDQAEQMLKAQSGRLYEIWIGSGLTIAGLTGIAAWFWARPFLTSAHVYVELPVLGKLHLASAASFDLGVYITVVGATMLLISVLGDSRHSSMSGPVPHGEKSS
ABO10804,putative ATP binding site ,MKLESIQFKHIALFHDLKIQFQYDKQPITLILGEQATGKSMLLKHIYHALTWFPARLKDARTPGIVMPDQDISHSRLQSKIEVSIQIPPEFGQLPETTSTQQTETSLCSWKLFKTLNSSGVGISQVETQQLDQTITLYHQVTRKDPLQGLPLLAYYPSERFVNDINLLNKNLPGITQSISAYDISFIPFTTFARFFEWLREISDIENAQAAHVVQRIISKQSNSQDQEEILRQLQLELAGHPKQLPSPNLYALKSALKIIFPELEDFYLQYHPKLQLMAHYKGEVLAFQQLSNTTKTWIALVGDVVRRLCLLNPLSLDPCLEGEGVLLIDQIDSQLDSAHCSEILNRLHRAFPRLQIIVTGSREELLEHAAAYQCFKLEHGKISPLDLNTTQQQLEHLYTLLQRDEALTPHIDPLPLDTEPATAQIDSLYQQIQNLNEQQKNELLRMIHAGDTSEETSSL
ABO10806,hypothetical protein ,MNNTQWLDEVKFNEQGLIPAIAQHHQTGRILMVAWMNRESLALTAEKNQAVYFSRSRQKLWHKGEESGHFQTVYEIRLDCDGDVIVLQVEQHGGIACHTGRESCFYRKLTPQGWEIVDAQLKDPTAIYGDNAKTESHDHAHTTEQVDVLAHLGQLMQERKQAEADTSYVASLYKKGINKILEKVGEEGVETIIAAKDYATQNTESNLNDLIYETADLWFHSIVMLGYFDLNPQLIIDELGRRQGLSGLVEKANRNKV
ABO10544,protein tyrosine kinase ,MNQQNTNTEDTIDLKELFFSLIAQWKLIALCVILSVVCALLYLRVTPDTYSVDALVQVEDSKGASAALLGDLSQMIEQKSPAQAEIEILKSRLVLGTVIKDLHLNIQVSSTENTLTHRLLSDADYKTEYTTKSVIFKDGLKSFDIRQFEIPAYYLDKNLLLDFDKQSLRLTDPVTEEVILTVPLNQVNHVAGPHGLWKVAIFTKDQFDATYNIKSLSLPIAVNAISANYAVAERGKLTGVLGLNYQGQDKEHITKVLNAILATYSAQNIERRSAESAQTLKFLDEQLPDLKKQLDDAERQFNKFRQQYNTVDVTKESELYLTQSITLETKKAELEQKQAEMAAKYTAEHPAMREINGQLAAINKQIGELNSTLKQLPDVQRQYLQLYREVEVKTQLYTALLNSYQQLRIAKAGEIGNVRIVDTAVEPVEPIKPKKLLVLILSVFVGGFIGALIALLRNMLRTGIKDSGQIENEMDLPVYATVPRSPIQESRIKILKKKKSIPILAVKNSDDIAIESLRSIRTAIHFALANAKNNIIMIAGPSPEVGKSFISTNLATIFAQGNKRVLLIDADMRRGYMHKYFDVDVKPGLSELLSGQADLQKVLHKTQVANLDVITRGKSPTNPSEILSSNQFKELLEQLQSQYDHIIIDTPPVLAVTDGIIISQYTGVNLIVARYAKSQMKELELTVNRFEQAGVKVNGFILNDIQRASAGYGYGYNYAYAYKAQKED
ABO10545,putative protein tyrosine phosphatase ,MQIKNILVVCIGNICRSPMAEYFLKQQYPQLNIESAGISGLIGHQADEKAQLCMQRLGIDMQPHIARKLNAELIKKADLILVMSSNQQKHIEQTWPFAKGKTFRLGHWQNKNVPDPYQHEQAVFDETCQLIQQCVADWKPYI
ABO10547,WecC protein ,MQLADLRIAIIGLGYVGLPLAVEFGKKGPVVGFDINQNRIDELKSGKDHTLEVSPEELQKAEQLSFSANLDDLKTSNFFIVTVPTPVDQVNRPDLTPLKKASETVGQALKKGDIVVYESTVYPGATEEVCIPILEKVSGLKFNQDFFAGYSPERINPGDKVNTLTKIKKITSGSTPEVANTVDAVYASIITAGTHKASSIKVAEAAKVIENTQRDLNIALVNELSVIFDRIGIDTLDVLEAAGSKWNFLPFRPGLVGGHCIGVDPYYLTHKAEEVGYHPQVILAGRRINDNMARYVARNTIKLMLQNGIDVPRSKVGVLGVTFKENCPDIRNSKVADLIKELEFWGAQVVVADPWADAEEVKHEYGVELGTVNAQNPVDSLIVAVGHSEFRSLSASELRSYVKAEKPVLADVKSLFDRTQMSDVGFTVFRL
ABO10548,MviM protein ,MKKFALIGAAGYIAPRHLKAIKETGNTLAVAMDVNDSVGIMDSHFPEAEFFTEFEEFEAYVEDQKLKGEKLDYVAICSPNYLHAPHMKYALKNGIDVICEKPLVLNSEDLNMLAEYEKQYGAKVNSILQLRLHPSIIALRDKVQAAPADKVFDVDLTYLTSRGKWYLKSWKGVDNKSGGVATNIGVHFYDMLHFIFGKIVKNEVHYRDEKTASGYLEYERARVRWFLSIDANNLPENAVQGEKLTYRSITIENEELEFSGGFTDLHTQSYQRVLEGKGYGVEENRAAIETVEVIRVSPIIENPENPHPLLAKVKKA
ABO10550,WecE protein ,MIDFIDLKAQQNRIKDKIDAGIQNVLTHGQYILGPEVIELEEKLASYVGAKHCITCANGTDALQIAQMAFGIGPDDEVITPGFTYIATAETVALLGAKPVYVDVNPKTYNLDSEKLEAAITPRTKAIIPVSLYGQCADFDVINAIAKKYSIPVIEDAAQSFGATYKSRKSCNLSTVACTSFFPSKPLGCYGDGGAIFTNDDELAKVIRQIARHGQDKRYHHIRVGVNSRLDTLQAAILLPKLEILDDEMQARQRVAEVYNRLFNEVGIHTTPYIEAHNTSAWAQYTIQVDNRAEVQEKLKAQGIPTAVHYPIPLNKQPAVADSDIHLPIGDAIAEKVMSLPMHPYLAIDDQLKIVKAFG
ABO10551,O-antigen translocase ,MRLNAQGGFLKAVSVLVGGTAFAQGLAIIALPFITRLYSPSDFSIFAVYASILGILTVASCLRFEIAIPIPSEDEEAAILVILALISNLAISILTGLLIWVFHVEIISLLKKPNFNHIIWLIPLGVFFSGIYTALQYWATRKKNFTVIARTRVVQSISGVATQIILGFWGTAALGLALGQIIKVSFGIGKLAKNFWKESEVFIRNITIIKLYNVFKKNDQFPKYSTLDSLANSAGAQLPINYYCYTCFRSEAGYLMIAMQVLAVPIQLIGGAVSQVYLAHAPAAVQEKTIAHYTTNILENLFKYGVSSLIFIGLVSPILAKYIFGYEWEKVGLIISWMIPWFAFQLIASPISMIMHIVGRQKQMLLLTLTGFILRIGILYGQFYLNPTYLLEAYAISGGIFYGICYIVFSNSAGLEVKDHILLVKKVGFLLIFITSLGVMVNITLRVLGL
ABO10552,capsular polysaccharide synthesis enzyme ,MKKKLRKLIYFILPCIRLFLNLFFKRKYLEGRFFSKSLSGYVWAVRSIWVKNILRLSKPTPFPTALTCSISNPYNIHFHPDDLNNFQSPGTYFQNFSAHIYIGKGSYIAPNVGIITSNHDLADLESHTEGKDVVIGDKCWIGMNSVILPGVVLGNGTIVAAGAVVTKSFKQGNIVIAGVPAKIIKEIK
ABO10553,Glycosyltransferase ,MKIGLTKFNYPEIRCVTTSQENDYINLKKYNIYYYFNNIPVIKNYFHRFLFKPISVKNVDVIHSFNDICLTNNKWVVTFETMLPRFLDILSNHKNLNPEYIYNDEINKYLEVVARDNCLGVIALSKSAKKIQSDILKAYPKVRDKIEKKMFVLYPPQKIYTTQHEIEEKVLKPLKLIFVGNDFYLKGGAECILAINELLEEGIISENEIMLTVVGILNRTHNYSFGIYQDDSDFSKNINTIIMNRKNIKIYSNVDNNKVIEMIREHHIGLLPTWADTFGYSVLEFQACGCPVISTDVRALSEINNNDIGWLINVDKNKYGEIVVDSYSKKDLCRRTIIDQLKKHILSAYENPNVVINKGVESLNRIKKEHSIDYYNDKIKSVYTIGI
ABS89907,hypothetical protein ,MKILHAAYMKDASSGIVNQMYWEQEAAKELGISWKSILFVQNPNGFQNNEIVTVCNDIMGGELKKWFKAKKSYYSWLEGIMQEYDVLIIRHSLCDPFEPFFIRKMIKPVYIMHHTFEIDELYSYNYGVKTKIKSLMEIYFGKKSISYSKGIVAVTKEIFLYENSRVNGKFKKEIVYPNGIISQHDIILDDRNDDIPEIVFIASYFNGWHGLDLLLHNLSSINDDFILHIVGDVSVEDELLAKKDSRVILHGHLNNIEISQLMSKMWIGLASFGLFRKGMKEACTLKVREYLNYGLPIYSGHKDIFPEEFEYYKFGEPKFVDILSFAHLMRKVSKSDVKQAAIKFIDKKILLKELYEQLLEEKS
ABS89908,hypothetical protein ,MSLKIRKELLIFLILSSFLSLLVGFRGNTNDTITYYMIFKNIGSYDLTNFSLFYNETGVEIGWGLYSKIISLFSDSPVVLFTIFSFFTFFTFYRISRLVEIKFLYVMLYYLPTGFFMMQQFMQIRQGFAIPLVIYGSVLYLSGKKYISLVFFILAILFHQSSLAFILIFISYLFFNNFLKINTSVFKFFIINILILVFGFIVARFILLDAAMDYFQRLEAYSTTDYAESVGFFSLSNIKFYIEFFLIFLLLNNRLLLNKFIVFFVFIFTVGLSLRVAFYDFGILSGRLSNTFLLIEVFLMPMLLSSRLNKIYLYIYFLLYFLVIFYVTWTFQASEFIKNNYFLPLS
ABO10554,putative glycosyltransferase ,MKILFLINSLKSKSGSERVAVELANKMAAIGSYNITLLNRESIKENAAYPIADNVEVIALSGSLFEFYKKLKKQISSNNYDVVVVHNMGKLSLLCAFVPNIKKLVVLEHVSFISRPKKIQILSKFLYRNIDQVVTLTQNDKEQFDKFHSNVIVIPNFSPFSIASQPQNNGKQIVTIGRLTDQKNYIHLLQAWKKIYQSIPDWQLNIYGEGEQEEMLQDYIKQQSLKNVSLKGSTSNVKEVYEQSSFFVMSSKYEGLPMVLIEAQSFGLPIVSYNCPYGPSDVIRDSKNGFLVEDQNVDELAAAVLKVALSPQLLEQFSQSSLLNAKKYQPEQILKIWIEKVLEG
ABO10555,hypothetical protein ,MFSVLSSIYHKEQPEHFNTCMESIWDNQTLKPTEIVLIEDGPLTPELDQVIAHWQKKLGNVLRVTKLEKNVGTGKAKNIGLQECNYDIVSIVDTDDIYVPERFEKQIKFLQQNPEISIVGGQIFEFIEDIGNPVGMRKVPLSNEELRNYAKKQSPFNNMTITYRKSHILEVGGYQHHLWMEDYNLFLRVIAKGYKIENLPDVLVYARIDNGMHGRRKGLQYIKSEKQLLDLKKQLKLQNPLYANMLFLVRSAFRLLPANLLGTIYNTFLRKDIKK
ABO10556,putative UDP-galactose phosphate transferase ,MNENMKRLVDIVISLIALTVLSPIFLIVAYKVRKNLGSPIFFYQERPGKDGKLFKMIKFRSMKDAFDAQGNPLPDEARITPFGQKLRSTSLDEMPQLINVLKGDMSVVGPRPMLKDFVALYSPEQARRLEVRPGMTGLAQVSGRNELDYEERFKCDVWYVDNHNIWVDFKIMFKTVKVMLKREGINAPGHVGPSLFKGNDTQENIDSSVK
ABO10557,putative UTP-glucose-1-phosphate uridylyltransferase ,MIKKAVLPVAGLGTRFLPASKSIPKEMVTVVDRPAIEYVVREAVEAGIEQIILVTHSSKASIENYFDRNFELETTLEQKKKFDLLAEITQIVPEHVSVVSVRQPQPLGLGHAVLCAKSVVGQDDFAVLLPDVLVKDSSGKNDLSRMIARYNSSQAAQIMVEAVPDHLVDQYGIVDVKHSPNEGESIAMQGIVEKPAVGSAPSNLSVVGRYVLPAKIMQLLENTPKGAGNEIQLTDAIAMLQETDTVEAYRMQGQTFDCGSKIGYLKAVLHYGVEHPKLGNDFKQLIQELKL
ABO10559,putative phosphoglucose isomerase ,MSKSIEKFPKELVSPIAQLHSLVEKNSKLHIKELFAAEQDRFQNYSVKFDQLVFDYSKHRITKSVLEQLFALAKTKQLTHWIERLFSQDKVNCTEQRAAMHWALRLPSEYSKFPELTKQVHTQLQRMYALVEKIHAGQYRGATGEVIQDVVNIGVGGSDLGPQMVTHALCDFKVKTAKPLNVHFVSTMDGSQLSDLLHQLRPETTLFIISSKSFGTIDTLSNAQTVRQWLEKALGKHDRVVKSHFIGVSTKAEKMTEWGIAPENQLLLWDWVGGRYSLWSCIGFPIALTIGIDGFQQLLAGAHAVDEHFQNTSFEQNIPVLMALLGIWNNNFLNIQTHAVLPYDGRLKYFAAYLQQLEMESNGKSVQRDGQKVELDTCPIVWGEVGPNAQHAFYQLLHQGTQAVSCDFIAPIQRYNADHFTYVENAEALIEQHHLALSNCLAQSRLLAFGNEALDSAELKNLPIYKQYEGNQPSSTLLLKELNPYSLGMLIALYEHKVFVQSVIWNINPFDQWGVEKGKQIADQLLPILNGAQNDLSALDASTRGLIKILLGKVDG
ABO10822,putative magnesium Mg(2+)/cobalt Co(2+) transport protein ,MQVYYFYRHQSDGYVFLSREKHTEHILEFFWIDSVRSDVVSQNEEWQQKIQQLADVSINEFHMRDIANIEHPCAFDTLEEYDLLIFRKLVTPDDEIKNGESHESVFGLATTPISFIFTPKVLISVREQGNKSIENYIQRLENILCKTLEEQNKTRKLPNSPVDLCLRLLNSMVDGYLDIRSPLTRRVEHWQQQLLQGNRRFKQWHQLFHENMAFQQVENLCEEQIETLQEFRDEIVENYHHVIGEKTHSSQDLLLVRLNDLMSHVERIQKHTLRLRSAIQSAIDLHFSAIANQTNENMRILAIITAVFAPLTLLTGIYGMNFEFIPGLKSPVGFWIMLGVMLLSTILLLYYFYRQHLVGRGEKSVIDLLAQQHRQDRMNLFWFLEYEPIKQTLKEVEKITRLK
ABO10824,curved DNA-binding protein ,MAKNYYEELGVKREASADEIKKAYRKLARKYHPDISKEKDAEEKMQAINVAYDTLSNPEKKAEYDQMLDHPQGFNGFGQGAAQGGFDGARFYRQGFTGGEQADFSGFEDLFGRFGTGFGGGQQQYQRQQRSYRGEDQHASIEVDLDIAYHGSTQHITLQIPTINAYGEPEVQRKTLQVKIPKGMKEGQQIRLSGQGQSGINGGANGDLYIEIQYKDTDRVHVEGSDVYLTVDVAPWEAALGQGIEVKTPAGPLHVNLPKNAKQGQQLRLKDKGIPNKTPGHLYLILNIVFPPAHSEKEKEAYQQLAEAFASFEPRSSH
ABO10825,putative amino-acid efflux transmembrane protein ,MNYFDYFLFIFSVIIMIATPGPVMILVASVGLKGGYKKALETIFGTNLASLVLIFISVLVLKGVLGINENYLNIIRVLGCLYIGYLGFSILKEVIQAPHPEAIQTVSAQNGGFKKGFLVGISNPKDIIFFSAFFPQFVSISPHLDLSLTILTLTWIVLDFLTLSLVYIFFRRLSNSHLYPKILGLCGLLLLVIAVYGLYQTFT
ABO10828,ATP-dependent primosomal protein N' ,MTITPKPDSVVYRVRVAVPVHLYDTFDYTLTKAQYERAQVGSRVAISFGRQNLIGIITEKVDPQETFTGHFQLKAISELLDDEPILDEQVLNLLTWSAQYYQFPIGEVMQTALPALLRQGKPMDVLFHLWKIIPCDNAEALLKRSIKQQDAYQILKLHPAGTTENILNLSGVETATLKALQKKGLVDCTLEPHDFSPSSVQLAQMPLTLNEDQKKATQHVLNAQHQYQAFLLDGLTGSGKTEVYLHIMHEVLKQGKQVLVLVPEIGLTPQTISRFKSRFNCDIALLHSGLNDSKRLQAWQQAQTGKASIILGTRSAIYTPLPRLGLIILDEEHDLSYKQQEGFRYHARDVALYRGHLQGCPVLLGSATPSIDSYHLVETGKLTALQLNQRAGHALLPKMHLIDLKIVKKQHGISQPLIEQIKNTLARKEQVLIFLNRRGYAPVLVCESCGWQANCPHCDAHFTLHTQPYSYLHCHHCGTVHRLPDHCPECQQKSLKTLGAGTAKVEEHLQELFPDHDVIRVDRDSTSRVGSWQKIYDRIQQNKPSILLGTQMLAKGHHFPHVTLVAILDIDAGLLSVDIRAPERTAQLIVQVAGRAGRGEHKGHVYLQTLRPDHPLLTTLIEKDYRAVAKQTLAERKVALLPPYRYTVLIRAESKDRDYTLHFLNEAAEQLRQIAGDIVDIWGPIPAPMERKAGRYRAHMVILSADRARLHFYLRQWWAQLVHAPRQHQLRLSIDVDPQEFS
ABO10830,general secretion pathway protein G ,MKVKNIQSEIAMKQHSESVVSNQFEPTCHSEHSSVSDVCSSSAFGLATRSSRARMKRVSGFTLIEVMVVIVILGVLAALIVPNVMGRSEKAKIDTTQITLKGVAGALDQYKLDNGHFPTMQEGGLDALINQPATAKNWMPGGYVKGGYPKDSWKNDIQYVVPGKDGHPFDLYSFGADGKEGGEGNDADIYYQP
ABO10832,protein secretion chaperone ,MEQIEWNDFLKVELRVGKIIQAEVFEKARKPAYILHVDFGEELGVRKSSAQITKFYQPQDLIGKLVVAVVNFPKKQIGPIQSECLVTGFHNADGDVVLCIPEFEVPLGTKLL
ABO10833,apolipoprotein N-acyltransferase copper homeostasis protein ,MLIALFSGAVFSFALAPYYWWWLAILSPALLYATLHNRSAKQAFAIGWSYGFGLWFVGAFWLYTSIHIYGDTNAFLSVCMIAVMALVMGLFTAFQTWIYRRFFPETPLTFAPLWIIFEWAKTWVFTGFPWLFVGYAFTERLLDGYAPLFGIYAISFVVIVLACALVEVLRKRIFWVIPAALLVLGAWGASYIQFVQPKAAKPLSVSLIQGNIPQDLKWLTEYQVRTLEIYAGLTQSEWGRDLIVWPESSIPLFQTDIEPFLDAMDAQAKKNHTAWVTGIPYWDVAKSHQVGSPLYYNSIMASGSDSSGLYKKQRLVPFGEYIPLSGLLSWVLPAMQNDISMSGFTRGESDQKPLLIKGHALAAAICYEVAYPNLTRRNAEDSDFLVTVSNDAWFTGTAGPWQHLQMVQMRAKENGRWFIRATNTGITAFIDQNGHITEQAPIDKEFVLRGDLPAMQGQTLYNRLGDYPILGFAILLLVLGWIYRPRKVDVSYKSRR
ABS89921,hypothetical protein ,MNDYFVKQSLIICLWFFCIAGLLRIEVSWLSENITILILFILIILGSVILGYSNTHFAPVPKVKMSLILHTRFMGFLLILDLLFGKSVWYFDLARNFGFLGLFLLGTFIFYKRNLNLNVAKIPPFE
ABO10838,hypothetical protein ,MVNQNNSPSDMGKIPLSDDKNLMNIAQYLKGVQQSHKRSILPLEQWHPKHCGKMDLTVKANGEWWHEGQLIKRQALLDLFTKVLWKEEGKFYLKTPVEQIEIEVEDEPLLVNQVDQIEISGDEFLQLTTTNQDVILVDAEHPIFMREYAGELRPYVHVRFGINALIQRQAFYHLVNYGTLVENDKGETILQLKSGNLHLQLGT
ABO10840,hypothetical protein ,MLDTRYQIFISTSGREMQPERMVLSQTLVNMGFFAWGLEYRNPLTTTLARRQIDESDYVVLLLGSQYGEQSISGASYFSLEYEYALSRAKPIVVFMHEQPESRDMHLQETHPQLKEKFLAFRKKLLHEANHIFYFKSPRDLELAVRLNMPLMVEQYMGQGWVPARQAHHLEDEINRLKSKVLQLEQQLSESSIQANEVAPQDVFAFEYQIQAFQDGNFKELKRQRQMTWSQLLSILAKHFETAMPEENFGTCLNEYLNQDGLEDARQELPRAHAVAGAQINRKALFRIKKQMQSQGWIVPTKIDQQHSLWKVTTKAQKLLLSYKWNHRSTRLKA
ABO10841,ferrochelatase ,MSFEQKPKVTVILANLGTPDEATVPAVRRFLKQFLSDPRVIEIPKFIWWIILNLFVLPFRPKRVAHAYASVWSTDSPMREIVFEQTQRVQAYLERENKQFDLTVLPAMTYGNPGIDAVLEKLSAHPQEHVILLPLFPQYSATSTAPLYDAFAKWIPTQRNLPGLTIIKDYYQHPMFIQALAESVLAYQEQHGKPEKLLMSFHGIPQPYADKGDPYADRCRITAKLVAEALHLKDVEWAISFQSRFGKQEWVKPYTDQLLQDWAKQGVKSVQVLSPAFSADCLETLEELAIQNAELFQQAGGGSYAYIPALNSDQAHIDLLAGLVQANLDALTHTLAHR
ABO10560,putative UDP-glucose 4-epimerase ,MAKILVTGGAGYIGSHTCVELLEAGHEVIVFDNLSNSSKESLNRVQEITQKSLTFVEGDIRNSGELDQVFQEHAIDAVIHFAGLKAVGESQEKPLIYFDNNIAGSIQLVKSMEKAGVYTLVFSSSATVYDEANTSPLNEEMPTGMPSNNYGYTKLIVEQLLQKLSVADSKWSIALLRYFNPVGAHKSGRIGEDPQGIPNNLMPYVTQVAVGRREKLSIYGNDYDTIDGTGVRDYIHVVDLANAHLCALNNRLQAQGCRAWNIGTGNGSSVLQVKNTFEQVNGVPVAFEFAPRRAGDVATSFADNARAVAELGWKPQYGLEDMLKDSWNWQKQNPNGYN
ABO10561,hypothetical protein ,MTTLTCFKAYDIRGKLGTELNEEIAYKIGRAYGQIYKPKTVVVGCDIRLSSEALKQATIRGLNDAGVNVLDLGMTGTEEVYFAAFHLDVQGGIEVTASHNPMDYNGMKLVRENARPISADTGLKEIQALAETNNFEEVSQKGTTQSYNILPEFVDHLLTYIEPAKIRPLKLVVNAGNGAAGHVIDAIEEKFKALNVPVEFIKIHHEADGTFPNGIPNPILIENRDSTRNAVLEHKADMGIAWDGDFDRCFLFDEKGQFIEGYYIVGLLAQAFLIKQSGEKIVHDPRLVWNTFDIVDEYKGVAVQSKSGHAFIKDVMREHNAVYGGEMSAHHYFRDFAYCDSGMIPWLLTIALLSETGQSLSTLVENMIAKFPCSGEINFKVADTQTTIQKIFDFYADQNPQIDRTDGVSLDFGAWRFNVRASNTEPLLRLNIESRADRQAQPMQYYVDELTGLIQN
ABO10562,L-lactate permease ,MLNMWQQLYDPLNNIWLSSAVALIPIIFFFLALAVFRLKGSIAGTGTVIIALLIALFFYQMPGQMAFASIIYGFFYGLWPISWIIIGAVFLYKISVKTGQFEVIRSSILSITEDQRLQMLLVGFAFGTFLEGAAGFGAPVAITAALLVGLGFKPLYAAGLCLIVNTAPVAFGAMGIPIIVAGQVSGVDTMEISQMVGRQLPFLTIIVLFWIMAIMDGWRGVKETWPAVLVGGGAFAIAQYLTSNFIGPELPDITAAIASLVSLTLLFRVWKPKHIFRFEPEAGQTLTQQPTTVQRYSIGKIAKAWSPFAILTVMVTIWSVKPFKALFAKDGALEHWIFKLEVPYLHKLVEKMPPIVSEMKPYEAIYKFDWFSATGTAIFIAAIITVIFLKMKASEAVTTFGETLNELKTPIYSIGMVLAFAFIANYSGLSATLALALSHTGHAFTFFSPFLGWLGVFLTGSDTSSNALFSALQATTAQQIGIPEVLLVAANTSGGVTGKMISPQSIAIACAAVGLVGKESDLFRFTVKHSIIFTVFVGIIITVQAYLVPWMIP
ABO10565,"D-lactate dehydrogenase NADH independent, FAD-binding domain ",MQTFSPQAVIEHLQNIVGRSYVLTDDQSTRQYRQGRRFGEGKVLAVVVPGTLLEQWQVLQAAIEADCIVIMQAANTGLTGGSTPYGDDYDRPVLVMSTRRLKGIQVIHDGKQVICLPGATLDNLEQILKGYNREPHSVIGSSCIGASVLGGVCNNSGGALVRRGPAYTELALYAQVNAAGQLELVNHLGVNLGSTPEEILTRLEKQQYQAVDILDDNEKQASDHRYAHDVTQVDEDTPARFNADPSRLFEASGSAGKVCVFAVRLDTYEKVESSVFYIGSNDADDLTAIRRYLLTSLPSLPIAGEYIHRDAYLIGEKYGKDTFLFIEKFGTANVPKAFAMKDKVDGFLEKFKIKGLTDQILQAITFFLPSHLPKRMTEYRDRYEHHLVLRVENNSKAQTEQFLKEYFAVHQSGNYFVCSEEEGRKAFLHRFAIAGAAIRYRDTHRSEVEDIVALDIALRRNDREWVEQLPAEMEKKIIHKLYYGHFFCHVFHQDYILKKGNDPLEMEHQMWKLLDARRAEYPAEHNVGHLYIAKPALANFYQKLDPTNSFNVGIGHTSKLKYWGKAKS
ABO10572,hypothetical protein ,MTVILVKPHLRFKDSYNDYINELADEDRHPLTTEFDHTDFESFLNKLRDYEKGESLEEGHVPNITYWLVEDNEVIGASNLRLKLNEQIEYCGGHIGLGIRPSKRGQNFGSKLLELTIQEAWKLGLSELHIHCYKYNLASAKTIQANNGRLHSEITLNQVVQRYVVYKTL
ABS89911,hypothetical protein ,MGISGCNLHTQQEFEKICLSGGHSKTSCECIYQRLEQTYSPKLMQRLEHVSLQSPVLPQDFAPTFLSTMQRCDKSSLG
ABO10573,beta-ketoacyl-ACP synthase I ,MERVVITGMGINSCIGNTLEKVTESLKAGRSGIRYNEVYAKLNFRSHVSATAEMNFENIDPELKKHMGVCAMYAYNSALDALQHAKLDVTDIANNSKYGVIGGTGGTSTASIIDMLHTLKEKGTSEVSPDLAPRYLTSTISSNLSRAFNLKGVSQSIASACATSADAIGYAYHLIAAGKQDLMLAGGGEEDHWSQTAIFDAMGALCSKYNDAPETASRPYSVDNDGFVIAGGGGMVVLESLSHAQKRGAKILAEVVGYAANSDGVDMVAPSGEGATRCIKLALAEAKQNGSDTIDYINTHGTSTPAGDIPELLAIERAFGGEKVPPLSSTKSMTGHCLGAAGVHEAIYSILMLQNNFIAPSINITELREEAKKFDIVQTSRETELKTVMSNSFGFGGVNTCLVFRKWE
ABO10863,putative glutathione S-transferase ,MSLKLYTNNESRGVVIDWLLVELGVECERIEVAYRTEMKSPEYLKLNPFGKVPVLVDGDVVIYELGAICAYLADKFSDKGLAPALDDPKRGLYYRWLFMMAGPWEAAGVDKALGIEIAPEQKMFVGYGDYNDAYQALVQGLSEANPYVCGEQFTAADVSVGAMLLWQLKIKTIESHPAITRYVETIKQREGLKQSSMGQLL
ABO10867,catalase ,MSNESKCPFSGHNSKPQVTVGGGTANLHWWPNQLRVDLLNQHSERSNPLGKDFNYRQEFKKLDYYALKADIKNVLTDSQDWWPADWGNYTGLFIRLAWHAAGTYRMGDGRGGAGRGQQRFAPLNSWPDNASLDKARRLLWPVKQKYGQKISWADLFILAGNIALESSGFRTFGFGAGREDVWEPDNDVNWGDEKEWLAHRNSEALAGSNLAATEMGLIYVNPEGPQASGDPRSAAPFIRATFGNMAMDDEEIVALIAGGHTLGKTHGAAPADHVQADPEGAPIEQMGFGWANSYGTGVGKDAITSGLEVIWSQTPTQWSNYFFENLFKYEWVQERSPAGAIQWVAADAEAIIPDPFDPSIKRKPTMLTTDLTLRFDPEFEKISRRFLNDPQAFANAFARAWFKLTHRDMGPKARYLGPEVPAEDLIWQDPLPAASATPSSASIADAKAKIVALGLSAGELVSLAWASASTFRGGDKRGGANGAHIALSPQREWEVNKKAVETLTQIEELKASTQLSLADLIVLAGNVGVEQAAQAAGFNITVPFAPGRVDALQSQTDVESFQLLLGLADGFRNWKKQGVNTPAEVLLIDKAQQLTLTAPELTALIGGLRVLGTNWDGSQHGVFTQQVGVLSTDFFTNLLDMSNVWAPVDSTSEVFEGKDRKSGTVKFTATRNDLVFGSNSILRALAEVYAQADGKEKFVQDFVAAWTKVMNLDRFDLA
ABO10872,3-isopropylmalate dehydratase (isomerase) subunit with LeuD ,MAGKTLYDKLWDDHVVTQRDDGSCLLYIDRHLLHEVTSPQAFEGLQLAGRQPWRLSANVATPDHNVPTSKKERDQGIAGIEDDTSRIQVQTLDDNCKAFNIVEFGINDIRQGIVHVVGPEQGLTLPGMTVVCGDSHTATHGAFGCLAHGIGTSEVEHVLATQCLVQKKSKNMLVRVDGVLGKGVTPKDVVLAIIGKIGTAGGTGYAIEFGGQVFRDMSIEGRMTVCNMAIEAGARVGMVAVDEKTIEYVKGRSYAPKGEQWDQAVAYWNTLHSDDDAVFDAVVELNGTEIEPQVSWGTSPEMVIPVSKAVPTLEQAKDDVQRNDWTRAYQYMGLNAGQALADIQLDRVFIGSCTNSRIEDIRAAAEVVKGRKVAPSIKQAMIVPGSGLVKQQAEKEGLDKIFLEAGFEWREPGCSMCLAMNADKLQPGEHCASTSNRNFEGRQGNGGRTHLVSPAMAAAAAIAGHFVDVRSF
ABO10878,tRNA-pseudouridine synthase I ,MQRYAVGIEFSGIQYRGWQTQQPGVASVQETIERVLSKIADEPITLHGAGRTDAGVHATNMVAHFDTNAIRPERGWIMGANSQLPKDISIQWIKQMDEEFHARFKATARRYRYVVYNAPHRPALLHKQVTHIYQKLDVQKMIKAASKFEGTHNFETFRAAACQSNQPVRHVKHCRLFEHGRYLVLDIQADGFLHHMVRNIMGCLLEIGQGMYEIDHIDAMFAAEDRKAAGITAPPDGLYFIQCYYPEQFDLPHPPLGPHWLNLPE
ABO10879,putative L-asparaginase I (AnsA) ,MGGTFGCIGEPLAPMPYDQFLPQLEKVIPPHLTVDCFAAPNIVDSSACTAPDWLRLIQRIQQLQLEGYQHFVVIHGTDTLSYAAATLARFLGQSCHIVITGSQYPLLNIQGDNTREFTDAIENLYLALEQVIALPVGAYLAFHHQVFHAQTALKTHTTELDAFSGLSSNVEFTPQQNELIVQDTQIEKAASFQILNWMMQPIATQYLVQQLRHLLPAPPHFLVLQGFGTGNIAVNDEFLATLDELYARGCVPILATQVTFGGIDQRYAISAWAKTAKIVINDTHSHADLYAKALQIYLKYPTPEQWLNHWNENLH
ABO10880,hypothetical protein ,MLYVIPFIILLVVAVILKKRENSQKQEATSPKNINRKSGKKASAKSSKSSREKTKAKVIEENTPAIPQSNPVPEALRHNIQQLIQEKQFSAAEAQVNQALKKDNTQHELYLLLLEIHIAQKDEFAIQQLISHIRSLGLNEIAAQAETRQKEYESSRQPDAIDFPQAQTYEEPKNTDTTAQFDELTTSSSEASFDDLQKDYTPVKQEPAVEIEPLEFNFSFEQTSATENTNQPAQQPELSSTQETNELADLEFSFDLAPLHETEEKSQAVEVKADQENSINALDFHLDLNPSSSETKSVEQAPSLDEIKLIEQTPLEATSITPLEFSLDEPALVTAPEIEIQNNEVVNERVTQTQIEDPLLEAFPKLKQINENELDLKLAEQYIKFGANQAARNLLQGDEQKFNTEQQQHAKNLLNRIAS
ABO10575,hypothetical protein ,MDNVIDANKDIKKQATELLKKAHGKVSNVPPVIPVKLTTYTHSLTIFIGGAADKYVFTPGDVPVGWGDFRPIGPTYFVGNYVNNYFATIKGGSKNAFVKYYGYEEAYVSDTRELTVNTNKDKKLNAFNDVKNFLKTYPQTQVNIVGHSLGGWNAAGLAEILHKNNICKVNVLITIDPVGEILSKIGLGSRTSIYYSRPKPVFNLWISISCDPKSYEWNNDLIADLGGQWSSYPSSNSSYYYVTRYSHADFRLMMQEKIVNNLSVQDILSKELSRIK
ABO10576,Short-chain dehydrogenase/reductase SDR ,MNNNIIIFGYGTGISKAVAHKFGKEGYKIGLVARNAQKLEKAILELKAQGIEAYAFACDLAVLEDIPNLIKRIKDQLGEIKNIHWNAFHDIEGNILETPPLELTKSFHIRVSSYIATVQACLGDLEKNHGSILSTNGIFAFDAVGIDLVAKEYSSLATTAAAQYKTTNLLAHSLADSNVYVSQVIVNGFVDGTSGAQDKTYTVHPETIAGQFWYLHQHKQETVSFCGEAIQAA
ABO10581,putative ferric siderophore receptor protein ,MSQNSSATKFTHDVLDVPFNRAYLSKQIMEQQDVQRIDDALTLVSGVFHQNSFGGGFWDNYSFRGFSTDPNLGAAMIRNGLSVNRGINAPKDVVNIESLEFLKGPMAALYGRGETGGLLNLNSKKPQWESESELNLRANTQEQYRISLEHTAPINDELAYRLAVAHEDNQSFRDHVSSERWFFSPQLTWKISDQTQLDFDSEFTEHKGTFDRGVSTVNHQFVMDPKTFTGEPDDGDLKIKDYFYQLRLSHEFNPDWKLNSAVSYKDAKMVGFATEPRRMQADGRTLERQRRYRDYTSEDVLAQTELLGKIDTSWARHEILLSTELGQLDYKQNQLRRNHDSNSPTTVNTIDIYQPEYGKYLPNLTPFTDTKERQRYFAFNVQDQIFFNDQWSVLFGNRFDQVEQDFKNHIKQTEDNQTLHQNSPRFGVNFKASEQWAFYTNYGRSFAMNSGMNRNGQTFAPEKGKSYEVGTKYKINDQSVLSLALFKMKKQNVLTTDPIDKDFQTAAGELSSKGVEFDLNSQINDRWFVNANYSYTDAQIEKDQDLAKGARLSNVPKHQGSVSTNYEFLQDGARKAGVGANLTYVGERSGHNLDNGFNLPSYTLVNLNGYYAPSDRLRYQLNINNLFDKTYYVSSYSDLWVQPGEPLNASISAQWKF
ABO10582,putative membrane protein ,MSLEKNIERLQSIDALRGLVIIIMLLDHVRETFYLHKQVTDPMDVTVTEPALFGSRLLAHICAPVFVLLTGISAFLFQSKKQDLQQTRAFLLKRGLFLIVLELTLVNFAWTATFPPEVIYLQVIWAIGISMVVLACCVSLPLPVLAGVALVIIFGHNLLDSVHFSQGILQNIWFVLHERGWLEFAGIKLRTSYPVLPWIGVILLGYVLGQFFNSKYTAKQRSRTLLSLGLASIGLFVLLRFINVYGDQPWQHFESLQLSLMSFFNLTKYPPSLLFILLNVGIGLLVLVAFERMQQYSFLKPLVVFGSVPMFFYLLHLYVLKLMYVFALSVWGANYGNYLSVNHVWMLWLITIVLSFALYPAVKWFSKFKHQNKHISILKYF
ABO10584,D-amino acid dehydrogenase ,MRVIVLGSGVIGVASAYYLARQGAEVTVLDRQSGPAEETSFGNAGQISPGYSTPWAAPGIPFKAVKWMFQHHAPLAINLDGSMWQLQWMAQMLKNCNPQSYAVNKERMMRVAEYSRDCLRELRKDTGIHYENRAKGTLQLFRKEAQMEAVQRDISVLEECGVSYELLNANELGRVEPALANAQDKLVGGLHLPNDETGDCYLFTNALAQIAKELGVNFQFNQNVEKLIVEGDQIKGVQVNGKILTADRYVLAFGSYSRDFLKPLDLQLPVYPVKGYSLTIPIVDPAFAPQSTVLDETYKIAITRFDQRIRVGGMAELSGFNLGLNEDRRATLQMVTQDLFPGGDMEQASFWTGLRPMTPDSTPIIGATRFKNLFLNTGHGTLGWTMACGSGKLISDIVLNHKTDISTDGLSIQRYSHAHAA
ABO10585,"alanine racemase 2 PLP-binding, catabolic ",MPRPITAVIHRQALQNNLAVVRKAMPNSKVFAVVKANAYGHGIERVYEAFKAADGFALLDLDEAKRIRALGWTGPILLLEGIFSPQDLFDCVQYQLSFTIHSEAQIEWVEQHPYPAQFDVFLKMNSGMNRLGFKPQHYVQAWERLNNLANVAKITHMMHFSDADGDRFGQQGIDYQITAFEEIVKDLPGERSVSNSAAILRYQDQLKSDYVRSGIMLYGSSPDYPTHSIADWGLQPTMSLRSEIISVQHLEPNESVGYGSNFVAEQPMTIGIVACGYADGYQRISPTGTPVLVDSVRTRTVGRVSMDMLAVDLTGIESAKVGSEVVLWGQSSTGVVLPIDDVAVSSGTVGYELMCAVTARVQFINQV
ABO10587,D-serine/D-alanine/glycine transport protein ,MTTARHSDMENSPDHLQRKLSNRHLQLIAIGGAIGTGLFMGSGKTISLAGPSILFIYMIIGGMFFFLMRAMGELLLANLHYKSFVDMAHDLIGPWAGYYLGWTYWLGWVLVGIADLSAVINYLSFWLPDGASFSPIQQAMISAGCVLFVMGLNLLTVRLFGEIEFWFALIKILAIIGLIGVGGYMIFSHFQAPQGAVASISNVWSHGGLFPKGTEGFLAGFQIAVFAFVGVELVGTTAAETKDPQKNLPKAINAIPVRIILFYVLALFIVMSVTPWDHIRADKSPFVELFLNAGIPVSAIIMNLVVLSSVMSSMNSGVFSTSRMLFGLSKDGQAPGAFGRLSKRAVPSNGLIFSCTFIMGGAVLQYFVPNTMEAFTLASSLCVILFISVWSLIMVCYLRYRKLRPELHEKSTFKMPGGIWMSYVVLAFMLFTLVILALEPDTLKALYVSPVWLIILGVTYHVLYKPRMKRLGRELVNDH
ABO10588,D-serine/D-alanine/glycine transport protein ,MTMVHHSDEASSPDHLQRKLSNRHLQLIAIGGAIGTGLFMGSGKTISLAGPSILVIYMLIGGMFFFLMRALGELLLANLHYKSFVDMAYDLIGPWAGYYIGWTYWLGWVLVGIADLSAVINYLSFWLPEGASFSPMQQAMISAGCVLFVLGLNLLTVKLFGEVEFWFALIKILAIIGLIGVGGYMILTHFQAPHGDVVSISNVWSHGGLFPKGVSGFLAGFQIAVFAFIGVELIGTTAAETKDPQTNLPKAINAIPVRIILFYVLALFVVMSVTPWNHIRADKSPFVELFLNAGIPISAIIMNLVVLSSVMSSMNSGVFSTSRMLFGLSKDGQAPSVLGRLSKRAVPSNGLIFSCIFIMGGAVLQYFVPNTMEAFTLASSLCVILFISVWILIMACYLRYRKIRPELHAASTFKMPGGVLMAYAVIAFFLFTLVILALEPDTLKALYVSPVWLVVLSVTYYVFYKPRMRKLGQEIF
ABO10591,putative acetyl-coA synthetase/AMP-(fatty) acid ligase ,MDYQNAVQAFDLESTAKQMLSGSLDALNACYECCDRHADGDKIALYWQGKDGRKEQYTFRELKEWSSQFANFLKAQGVKTGDRISGLLPRTPELIVTILAAWRIGAVYQPLFTAFGPKAIEHRIQLAQSKLVVTDMGNRSKLEEIEKCPAIVTVADAQGTPLKAGDFNFWNEVKQQSDQCDLVMRSIQDPFLLMFTSGTTGPAKPLEVPLKALIAFGRYMQDAIGLTEEDSFWNIADPGWAYGLYYAITGPLFLGHATLFYEGGFSTDSLCQIVKDYKVNNLAGAPTAYRMMMAADPAQMAPLKGQFRVVSSAGEPLNPEVIRWFKQVLDAPIYDHYGQTEVGMVVCNHHGLKHEIHAGSAGFPSPGYRVAIVNEQGEELPPDTPGILAVDISQSPMMWFGGYKESRKSPFVGHYYLTGDTAELHADGSMSFVGRSDDVITTSGYRIGPFDVESALLEHDAVIEAAVIGVPDPDRTEVVKAFVILATGVQPTEALAEELSQFVKRRLSAHAYPRLVEFVSELPKTPSGKIQRFLLRNQEIAKQQAKAG
ABO10592,putative acyl-CoA dehydrogenase ,MQFTEEQLLIRDMAKSFAQEQIKPNASDWDRDGTFPKDTLAQMGQLGFMGMLVSEQWGGSDTGNLAYVLALEEVAAADGATSTIMSVHNSVGCVPILKFGTDEQKERFLKPLAQGEMIGAFALTEPHTGSDAAAIKTRAVKDGDYYILNGAKQFITSGNNAGVIIVFAVTDPSAGKKGISAFLVPRETPGYEVIRVEEKLGLHASDTCQIALTDVRIHKSLMLGKEGEGLKIALANLEGGRIGIAAQAVGLARAALEEATRYAKERITFGKPIFEHQTIAFRLASMATEIEAARQLVHYAARLKEAGQPCLNEASMAKLFASEMTERVCSSALQVFGGYGYLRDFPIERIYRDARICQIYEGTSDIQRLVIARSL
ABO10593,putative enoyl-CoA hydratase/isomerase ,MQWQSILLEKRNGVGLITLNRPQALNALNSELISEINQALDQLEKDRGIGCIVLAGSEKAFAAGADIKEMADLAFPDIYLDDFFHLADRIAQRRKPLIAAVSGYALGGGCELALMCDFIYCADNAKFGLPEVTLGVIPGIGGTQRLTHAIGKAKAMEMCLTARQMGAVEAEQSGLVARVFAKEELLEQTLQAAEKIAARSLTANIMLKETINRAFEVNLTEGLRFERRMFHSIFATFDQKEGMQAFVEKRKANFKNQ
ABO10594,putative enoyl-CoA hydratase/isomerase family protein ,MNTENHLMIEQQGKLGIITLDRVTHLNALSLDMIKSIGAQLELWRNDAAVQAVLIKSNSPKAFCAGGDIRYLYDSYKNGTADYKGYFSAEYKMLDILREYAKPVIVMLDGYVLGGGFGLAQACHIVVSSEKSRFAMPETAIGFFPDVGATHFLSRLDDIGVYMAITGEQISSSDALYLDLIDYHVPSEQLQALQDALVEAPSLTKEGIEHIITRFITHPAESELKQLAEGIRKHFGYQHLDEIEQSLENEQDESLKTWASKMLSILQQRSFIAKQTSLKLQHLGRGLSLQQCMQLERDLQDIWFEHGDFIEGVRALIVDKDKQPRWQERNPELEQILEKLS
ABO10595,major facilitator superfamily (MFS) metabolite/H+ symporter ,MQTIHGNGSYPKKSSHRLAGISSMVGTTIEWYDFFVYGAAAALIFNKLFFPNLDPLTGVLAAFATYAVGFIGRPLGGLVFGHFGDKIGRKSMLLLTLMLMGIPTVLIGLLPTYESIGYWAAIGLVILRFIQGMAMGGEWGGAVLMAVEHAPEGGKGFWGSLPQASTGGGLMLASIALGLVSLLPEQALFSWGWRLPFLASIILLAVGWYIRVKVPESPDFEKVKQQSEEVKVPAFQVFKNHPKQLITIILARAAENAWFYIASTFTLAYTTTQLGIPRQDILFATICGAAVILFMTPLCGHLSDKVGQRNMFMFGLCVLALYSYPFFSMLNTKDPVLVWTAIVLAIGVVFPIMYAPQAQLFARQFPAEIRYSGISISVQLAGVLGGGLAPMIATKLLSIGQGNPYLIMFYIGSMAVVAIISTSFMPRDWSYKKDETYYKKANLNLKTKID
ABO10599,Acyl-CoA synthetase/AMP-acid ligases II ,MAVMCTDNIIATLESRAKLNGNKIAFEYLGRQSGGIQSLTYADLNERVQHQAQILMSIVDSGDRAVLLFEPGLDFIVSFFACLKAKIIAVPVSLPFNRNGFSNILNIMNDCEPKIVLTTKKILELAGLITLKAQNENLILHVVDAELQRDLVEKDFPLITEKDICFLQYTSGSTGWPKGVIVTHKNIMANEVMIAEAFGTQPEDVGLTWLPVYHDMGLIGSVLQTVYVGLTCYVMSPLDFIRKPLKWLQFISEKGVTISGGPNFAYELCLHRITDEQAAALDLSRVRVLFNGAEPIKAHVMQRFMEKFNTQSRLRLDTFLPCYGLAEVTLLVSGVTGPLNAISLDRDKLNAHLVQTSQDQTAVQVVSCGKISKHIDCRIVNPHTRKEVAAHEVGEIWLAGESVTAGYWQKPEVNQETFEATILNEAGQPSQVHYLRTGDMGFIKNGDLYITGRLKDVIIIRGKNYYPQDIECSVEMAHPAVRKGCVAAVNFADSEGVTVVLEIKKKSLDKTLNFETIRTQVKEQVAADIGLPVDGVYLLHQGRINKTTSGKIRRRKIKEQIERGQLVCLTHPNRRTVIARNYVKNGLDVIRDREQRGQLIRYSSNLLNSMIKEREVRTLIFNRLKSALF
ABO10600,Acyl-CoA dehydrogenase ,MSLTSNLRQFQSAARLEQILGSVHDTNNDFSWSAAIERDEKEQYPQRAVDFLNAVGMNRFYVPSELGGRMEIGEELLYLHRVLARRDLTINSTYSTNAWSVIVWIGGNANQCQNIANRILSGAAPALAYSEKAHGADLLSSEVTAQPSDSKYVLNGEKWSINRATLGDSLSLIAKTSNDRGPRSLSAFWLDKRHMASKGTYSLNRLPTVGMRGLDISGIGFNNAEIHKDALIGEEGQGLELGLKTLQVTRAYCSSFSLGAGDTMLRIATEFAIERELYNKKVISIPLVREQLATAYAYLLAAEVLSLVGARGLHVCINQFSTWSPIVKVLVPEYVESLAKITSSVLGSRFFLRNAYADGMFQKAFRDHLIVSVFDGSSTVCLDSLSFQLKSANKGRSKKADHLNQAEAKARYRQLYDLQVETGAIDFRELEIFNRDGDLVMESLETIIEMLNDSNVTVGLSAETLATLHERANQLLVEQRSLDQKIQDYFSNSEQSKEFETMRFSLARDYAELFARIAVLGFWVFNRHGLRPALQNGAWLIIFLNAAEGQTAPPMTSLRESTLADLLDRISTNHMLSVIDFALAPRDAKPVKKEITP
ABO10602,Amino acid adenylation ,MNNLARLEPEVLSRHAISAEQLGIWYIQRFEPTCSAYNMVVAFDVKVNQSLGNKPIEILEAVMHDYPLLRVSMPANDQGIEQLIWDRVYPNIIFSDARHIEASDLTQLVEQDTKQPFDLTQPPLWRIHCYERGQNHYVIAFVIHHALMDFWSIGLLLRDVSKRFGLVAESDAVNGIEFAQYADKQQSNVIDDTDESLLFWKNALKHAPHVHSIPLDYPRPAVQQHKGSSLAFRVPESVSSGLINLAKDYEITLFGLVLSGFYILLHKLSNENNLVIATPVAGRLERSLRNALGQFVNTIAIHIDIDADQTLRQFTQQVQEQLRQSLKHQKVAFSRVVEAVAPKRDGSINPLAQIGMFWERLGGMDEFKELLLPIQTPATLVGQDLTLGSFPVRQQEGQLDITLEMGGEYQGELVGVLKYNTDLFSAQSAENMVQLLQAVLAEMVAHPERKIVELDIAPDYKDGIQFEALRGKVTDYAQHDLLGMILKQIVERGENHALTSNDHTVSYRELGQHIAGIAEYLRAHGITQGDRVGLMLDRTALLPAAILGIWAAGAAYVPLDPNFPTERLQNIIEDAEPKVILTQTELMDGLNVSVPRLDINQAGVVALEQVRETLAFGDIAYVMYTSGSTGKPKGVRIGHPSIINFLLSMNDRLQVTTETQLLAITTYAFDISILELLIPLMYGGVVHVCPREVSQDGNQLVDYLNAKSINILQATPASWKMLLDSEWSGNAGLTALCGGEALDTILAEKLLGKVGCLWNVYGPTETTVWSSAARITDAKCIDLGEPLANTQLYVLDEQQRLVPPGVMGELWIGGDGLAVDYWHRPELTDAQFRTLPSLPNAGRLYRTGDKVCLRTDGRLTHHGRLDFQVKIRGFRIELGEIENVLKQIDGITDAVVLVKTTAGNDQKLVAYVTGQELDIAGLKKTMQIHLPAYMVPSAFIRLDEFPMTANNKLDRKAFPEPIFEQSNDYVAPRDPIEIELCTTFEQILSVKRVGIHDDFFELGGHSLLAVKLVNHLKKAFGTELSVALLAQYSTVERLGEIIRENKEIKPSIVIELRRGTSEQPLWLFHPIGGSTFCYMELSRHLNPNRTLRAIQSPGLIEADAAEVAIEEMATLYIAEMRKMQPQGPYFLGGWCFGGAIAYEISRQLRQMGQQVTGIVMIDTRAPIPENVPEDADDAMLLSWFARDLAAPYGKKLTIPAQYLRELSPDQMFDHVLKEAKAINVLPLDADPSDFRLYFDTYLANGIALQTYFPEPEDFPILLVKAKDEQEDFGESLGWDQLVKDTLTQVDLPGDHSSIMYAENVVAVAQTIDQMYPIPA
ABO10603,RND superfamily-like exporter ,MVTIEHAFLIPAKIDKVFNYLANPANDAGWQLSCKHSELLDSTPRVGSKYEIGFSFIGREMSFKGEITHLVPNELYAFKVVEGPFHYTGTYRFKPHPEGTWIEWVFEAEPGSFFGVLPPALLKKMVLAQFKKDVDNLQALAQKGEAYESVGNENKPTLETNKPPHKTQQMMERYARWILSHRRIVLTVVMLLTLALAYLASGVKIIIDPDALAPKGHPYITSTKLIEKKFGSKYMVVIGITPKKGDIYQPQVLEKVKRITEEVDNAPGVVRSTMMSLAARQAKGIEANAEGFDAKKLLPSSSVTQEDIDHLKKLLALNPTYMNSVVSKDQRTAAILLELEESPEGFQKMMGPINKIVESEQSKDMTISVGGNPVYLDKAEDYSKRINILFPIAVLVIGLLHFEAFRSKQGLILPLVTALLAVAWGMGMMGLFKQPMDIFNSPTPILILAIAAGHAVQLLKRYYEDFDRLIAQGMEPKAANSEAVVQSLVRVGPVMVLAGGIAAAGFFSLLTFNIPTIRSFGIFTGIGIISTLVIEMTFIPALRSMLPPPSVVKVKRKGLPIWDWIPNRIGDVILSVRPRMMLMTAIAAMGIFLAIGTSRIVVDNDSRNFFSRDLPMQQDDRFLNQSLGGTNSLYIMVDTKVRDGIENPEILKAIDNTEKFANSIPEVGKTISIVDYIKRMNQAMNADQPQAFQVPATKDIVAQYLLLYSMSGEPTDFESYIDTTQRYAKITILLKTGSNHRIKEILESLKTYMAGQLGDKAVVSFGGDVTQTIALTETMVHGKLMNILQISFAVFFISALVFRSISAGLIVLTPLLFSILAIFGVMGWLDIPLNIPNSLISAMAVGIGADYAIYFLYRLREILREEGGDIKDAIRKTLSTAGKASLFVATAVAGGYGVLSLSQGFHVHQWLAMFIVIAMLFSVFATLIMVPTMILILKPRFIFSSKKKSIPVAQTVVTSLLLGTALTMSMPKTSHADEVQDIVNRSDDASKFLSSTASAKFILTSKNGEQRVRLTKNMTKLAGNTQNNMRLTEFISPADVQGTTTLLIENAKGSDSMFVYLPALKKVRRLASANKGDAFIGTDFSYGDVLGYKLSDWKYTKLADGKFNGKDCYMIEATPINNTVKSDFGYSKRRMCILKDNFVTATIDIWDTAGKPLKHIEFTDIRPYGKVKPRWQAMKSMAKNLQTQHMTQVIVNDFAAEKTLSDKLFSPQSLEK
ABO10604,hypothetical protein ,MTQGAYWVFVCCSSFMLLQHTYADDSEMSFVSQNSARLDVWSSDRDLSSLKNIGQASFWSNGTLKFNPAFKLHYDIVVSDETDHTVNPDQVSKVNRNLRELYASYNWDQTFYLDLGRQIVVWGRADGINPTDNLSPRDYTRLVPDETDQRLGNDALKLTYIPESGTNKWTALWYPRSRSDVIPLRQIAGVQYDIDRKSRPAFAMRWDYSVDGLDVGASYFSGLDHMPDLSVLSASPTGEATLQLKNNPMSVYGFDFSYNHNDLVWRGEAAYTKTDSNGSEDLIHKKNNLTVVMGPEWSLKNSTLSLVGVYKHTEDFKSADNLTNLLVREVYRYQQTISDQYEQDQYGAMLRYALNLLNDNLKLEFTGFYFAPEPNELLRVRINYNLNDHWQLNAGGDRFWGRNDTVLGQFRDNSLVYAQVRYNF
ABO10605,hypothetical protein ,MDNLNNAKKDNFSRKTILVTGAAGFIGSRLIVELLREGHQVIAALRNAATKKDKLLGFIATQGLADPSISFVEYDLSRDFKLDSLLSDAQTKIHVIYHLAASFNWGISKAEAERTNIKSGLALIEWAATLKQLERFIWIGGYRVAAPPQESADELYCKHGGYEASKILGHQAFIEACKRLNVPWTAINPATVIDGFYNYGDMQCIGIADMIDKLYQGRLLALPGGRDTFLPLCNMQYIVSFLIRTMSYPETIAQEYMLLDPATPKFHRLVYLAAEHLGVSSPHLQIPKVLLEKLPEVLLDGSKEQLSFISTEHYHVAGAEAMAAKMGITDLISIMPYFSRWIDRLVFTRFGRMQVPTPNSFSYQNRYWTEIYTKQPVGSEKASALFLHGIPFDSACWSPIINKITYDQVAMMDLPGLGRSGSYEMMEDNNHQFIDTAAELLAPNSVVIAHSLGCLFALNLAKKYPDKVARLILISPYFVQAQAAKMFQIQAISKLIFRFVPKDVIAKDLHPEGQQNLSVRYAMDSLRRMSVSKHISEYMHHINLPQQRAAQTALLSELRSKIEIIVGEKDPIVTPISPEIPVHIIAGAGHNPHVTHVEAVYDYLTPVLTKYISTTAQLSDV
ABO10606,Phosphopantethiene-protein transferase ,MSDIAQVQVYVCPVSRVPDNHLILSHYLSFLNAAEKLRYDQYHSHAARLFLISRVLMKSVLSDKLGILPHEVIIQLQPNGKPFVRGNKAIYFNLSHSADLIVFAVTEKREIGVDVERMNHEFEWRRVDSVLAPSEIEWIQQNEWTNPTSVYQRFFQIWTLKESYIKCTGEGMSRHLKKLNFHVSPEHIQFCDLTNNDVQRTEQYHFKSYIYNYSFIFSLCLQQSHCLESFNIDCFQLLPYISTHRITLEPCEHN
ABO10608,putative membrane protein ,MDAHLLTKLIHMTAVAAALMVFVLRASTLFIGVQGEQPNPAGRKVLVALQHLSFTVVFITGAILLVMKNFQVQPWFYAKIILFLVLLSSLMKAFKKDDTILLAQRRAGLVISAIAFVAIIILVIVKPVFA
ABO10609,putative chromatin partitioning ATPase (ParA family ATPase) ,MLTRVVFNQKGGVGKSSITVNLAAISAKHGLRTLVIDLDPQANSSQYLLGEEATYAADKAVLEPNIENFFEDVLGNNQQKGLIGNALGSILKAPRNKDLDSFVHSTSFAKLDVLPASPTLGALEHALESKHKIYKLRDSIQSLIGRYDRIYIDTPPAFNFFTLSALIAADKVLIPFDCDVFSKRALQTLIENVLETQDDHNDRLEIEGIVVNQFQSQAKLPREVVQQLKDEGLPVLNSMLPPSILMKESHQKNLPLAHLAPEHKLTQSYEALFSEIEPKR
ABO10610,hypothetical protein ,MKGLYIVPLAAATLLLGACATTVKPTYVSPTQYQSLSCQQLQSEYNRIQQYIDNGVQTPKSTGMGVGLGLGGGWGRGGWGFGPSISVNMGQSSSTKNTELSRVLGQQEAIVQAAQFKNCPIIVRKKTN
ABO10612,putative integral membrane protein (DedA) ,MELLDFILHVDQHLAEFITNYGTWIYGILFLIIFVETGLVVMPFLPGDSLLFAAGALAASTGTMDPWLLGILLFIAAVLGDTVNYHIGRFIGPRVFEMNSRFINKQHLIKTHEFFARHGGKTIIFARFIPFARTFAPFVAGAGSMNYKFFLTYNIIGAFCWVASFVTLGYLFGGHPLVKDNFTHLIFGIIIISILPGVIGFIRQKLKNRKANV
ABO10614,hypothetical protein ,MLQTMIADFQQHFWLYVSIPFMSGLIGYVTKVIAIQMMFSPLEFKGIKPFFGWQGIVPRKAEKMATTAVELMTAKLIKPEEIFARLDPKRIAKEIEKPLMAAAEDITREVAQEYQPGLWEGMPEFARQRLIRRVQSKAPEIVEHIMSEVQRDVNRYFDIKHLVISNLLKDKRLLNNIFKRVGKQEFKFFSNVGFVFGFGIGVIQMLCWIATQGKYPWMLPLFGGFVGFFSDWIALQMMFRPLYPKKILGYTWQGLFIKRQNEVAADYAALISKQLLTSRHMMEELFSGTHSARVIELVNRHVKQEIDMQAGVIRPLVVYAIGGEKYQNMKTQVAERIMQQLPETMKYVESYAEDAMNIRNTLIERMQKLTPSEFEGMLRPAFKEDEWALIAVGAVLGFVVGELQIQFML
ABO10616,putative adenylyltransferase ,MSDFIQLEYLQEKLQQLLAKSLFAIYLYGSAVDGGLGPESDLDVMVVVTQPLTSALREQLAQELLKISQPVGELQRPLEVTILLKDEIQSGNYPLSYEMQFGEWLREELKEGGTLNSQKDPDISILLRKARFHHTVLFGPALDQWAPEISDQELWQAMSDTYPEIVAHWDEDADERNQILALCRIYFSLVMKDIASKDNAARWVMSQLPPEQKFVLQRLIQEYRGEISKQNWQEEHYALQPIVNFLSSKIEEQFEQKRNLIT
ABO10617,putative transcriptional regulator ,MRQQSEHHHAEHNDHHHGHHRSGRRGRLFEAGRMKLLVLHLIQQSPKHGYEIIKEISDLVGDGYTPSAGTIYPTLTSLEEMNLINLLDVERKQYQITEFGEAYLNEHQDKLSGLLEKLRLRREIHSNDQLIEIHRAMENLKTALRLKLNTTELKQEQIYQIAEKIDQAAVAIGRL
ABO10619,pirin-related protein ,MSNNNDYDISDSKDCEKFANQFIQEFPIRSAEIGQGTVIKRALPSRQKRMIGAWCFLDHAGPVTFPAGNGLDVGPHPHIGLQTFTWMIEGTMMHTDSLGSKQLIRPKQVNLMTAGHGISHTEVAPDTETQMHAAQLWIALPDHKRNMDPKFEHYPDLPVVEKDGLEFTVLVGEYLETTSPVVVHTPLVGVDLIATQDTKTRIPLNPEFEYGFMALDGVAHVNGHELTADNMVVLDTGLNEIEIEVKKGNRVLLIGGEPFETPILLWWNFVARTMDDLKEAREQWVNHDVRFGEIPDYVGARLEAPVLPDQMRASK
ABO10622,hypothetical protein ,MFGKTQRGVSERPNKPKKPLIPKWLGTLVAILAVLCIAVMLMLWKPWQPVSSKNQITSEHYKEEETNKDYRFYDLLPQQQVTPIPEQAIPESKNQGTAMIVEAPSTAQPAASEPASVSTDDTTDSTAAIPQQPNYILQVRSYTDPDQADARRAEIILNGLSADVIKSSENGKTWYRVISGPYDTQEAALAAQQTLQHSGIDSIVIKRK
ABO10625,homoserine/homoserine lactone efflux protein ,MLACWVISISPGAGAIASMSSGLNYGFRHGYWNAIGLQIALLIQIMIVAAGVGVLFATTPLAFQAVKWFGVAYLLYLAYLQWRAPVKDIEIQHEKKDKSVSALLFNGFVVNISNPKAIVFLLAVLPQFLDLSKPQWIQYLIMAATMVTIDLIVMAGYTGLASKVLRLLRSPKQQKYLNRGFAVMFSCAALLLSTVHQAA
ABO10626,high affinity Zn transport protein ,MEWLQLLLPAWIMGTLLVFLTAPLGCLMLWRRMSFFADTMAHGTLLGVAIAGALSLPLWLGVAGTAILLVAILWALHDNRLPNDALLALCSATLLCSGLLFIQHVPSLRPELLSYLFGDLLSIDWPDLPIFTLIIAVSLAILYRYWQPQIQIAIDPDIAISEGVNAKWQRLIFMLLLALFTVLALRAVGSLLMGALLVIPALSARLLAHSPKQMVIWAFVLAQLGVSVGLWSSAALNISTGLSIVLCMALSFALIFMVQKIKNQTQAA
ABO10628,transcriptional repressor of Zn transport system (Fur family) ,MHEHHDSLHGVHDHHNVASRLAEAETLCTAVGARLTPLRKEVLELILNASGPMGAYDLLARIKSQTDRPAAPPTVYRTLDFLLEKGLIHRLTSINAYIPCCHPREGHQAAFLICTECHTVKEASSQGLTQQLDQLAALDDFAAQHSIIEISGKCQQCRTAR
ABO10629,high affinity Zn transport protein ,MSTLGWSQGLVVSTHPIYLIAKEITKGVEEPQLLLQGQSGHDVQLTPAHRKAINDATLVIWLGKAHEAPLNKLLSNNKKAIALLDSGILSILPQRNTRGAALPNTVDTHVWLEPNNAVRIGFFIAALRSQQHPENKAKYWNNANTFARNMLQAAQAYDSSSNGKPYWSYHDAYQYLERSLNLKFAGALTDDPHVAPTAAQIKYLNDSRPKAQMCLLAESFTTKGQYQKLGSITFQPVDESMNNEDNFVTAWKKLAIKTDKCVLNTQK
ABS89912,hypothetical protein ,MGVICALGDLPHSCNHVAGIHLYDAYHRLLEHGKRKTLMVLPNCQTMVGLNFFNLIW
ABO10641,hypothetical protein ,MKKVLQGAFFPFVIFASGMLLLGCDQAQDHSKEQESVQTNDQISEQADDSQQEITATQNKTELKNGNVFYIVRDAANLQLKAGDYIEKLKDTQLDVEQAIQDKDQHELKTTVTTLKAQLEGLNQALLGLDIRSQEVENIRQSLLQANQQALSMPLLNGKLEQINFDQIEKQLNTIQMDMVKLAAMIMAGDEKSDSKTDS
ABO10643,putative transcriptional regulator (AraC family) ,MKNEDQQFSLLESIEVHEFLYEKEDIVRPHASLWGDFNFSLNGILEIQVEEQIYLSPPSYGLWIPPQTVHQSTHIDHEIHYICIRLHPRLCSILGDICRCFSIQPFFRTLVLQILEQQKQTEKPEYLEHLLQVLFDQLQQASAYSHYLPQTRHPVLLPILEKLSDPLLFNLSLQQLLQNFSVSDRHLLRLSQQELQLSLSEWRNRAKIVYAIHQIRQGTPIKRLAYDLGYQHSSSFIEFFKRYTGQTPVQIRNN
ABO10645,putative regulator (TetR/AcrR family) ,MTNRHETDLVNEDTLKKKRGRPKCFDEQQVLEKAMLLFWEHGYEATSISDLTHALEITAPSLYSAFGDKAGLFYKSIDYYLAHEACPIETIFLEAKTAKIAFELYLYDNVKRLVQPNKPAGCMLVVAAMNCSDATQEVQQNLLDKRIKTKEKLLKRLEQGVEHGDLPINAPLQEMTDFYATVIQGLTIQARDGASTEQLHKVVEHAMKTWTLF
ABO10649,putative Rossmann-fold nucleotide-binding DNA uptake protein (Smf) ,MLDVPFTMLTQLSSHHYHTLKVWYLVQHSLVSFKKIIDYFGNCEKATQPDGLAKWSSLGLHANHLKRVSEFQTPQGQTQFEQLVQQVVQHTDFILTPDDSGYPTQLLPYTDHPPIIFGKGQAQALLQPQIAIVGSRKPSPHGRQVAYDFAYYLSEKGFFISSGLAYGIDEAAHQGASAHQRTIAVTGTGLDTTYPAQNKKLAEHILAQNGAIITEFLPGTPPLQQHFPRRNRIVSGLSLGVLVVEATLKSGSLITANKAAEQGKTVFAIPGHIYSEFHQGCHQLIREGAILIDHPEQIIEDLALPTQWQSQQQNQTEEANTNTPEIPEHLIDLYQSLDWVGQNIDQLVIHHNIPVSELTSSLMELELLGLCMQQSGLYLRCRS
ABO10650,hypothetical protein ,MKKVFNGMVNFHALGIKKHLLALALCTGVAIGTIAEVHATSPNHNPPSLKSNAPNVYVVKRGDTLWDISGHFLNKPWRWPEIWASNQHVKNPHWIYPGDRLLLCSLDGRPLVGKDEGDGCVGIIRRYTGQTTNLQPQVRVEALNNSVPVIPLEHIKQWLENSTILPADSITNTPYIVGTADQRVLAGKGQTIYARGQGLINGQRYAVYREGEPYYFTDNKGKKHSLGIELLQVASGVAVSSEKDITTLELTDSYNAEVRRGDRVMPEEQATLPTLFYPVDAKQVTDGGKIIRVMGSIGRAAKNSVVTLDRGTTQGVQVGQVFDITQQGESIRDPKTKEVIQLPGQQIGSLMVFRTFDQLSYAYVLESDLPIKVGSSIQPPQFND
ABO10653,putative outer membrane copper receptor (OprC) ,MPHSKFLLQPLWVAMLAVSHSGLVFAESEKNDADTNTLHSLAPIVVTAQQGNDANGLIVHADPKQPIQPVPATDGADYLQSIMGFNSIQSGGTNGDVTFRGMFGSRIKILTDGTENLGACPNRMDAPTSYISPESYDRISVIKGPQTVQYANTGSAATVLFERQPEKLTSEKPYRGQASVLLGSYGRIDHNIEAAVGDEKKYIRLNANRSESNSYQDGDGNTVPSAWKKWNADVALGFTPDENTWVEITGGKSDGESLYAGRSMDGSQFARESLGLRFEKKNITDVIKKIEGQVNYSYNDHVMDNFRLRIPPMTHDMMTHQMVVNPSEMQVTRRTLNTRFAMTSEWGKLNVITGIDSQQNHHAESMKSLMMDMPLTTNMKFQSYGAFGELGYQLSENSKLVTGARLDQVKIDALKLNDDRSETLPSGFIRLETQLPEHNAKSYIGLGYVERVPDYWELFSTAHGNSGMPKPTFNDLDTEKTLQLDMGYQHQHGAFNSWASAYVGLINDYILMSYHNHPTSGGHGHGSSFSAGAKNVDATIAGAEAGIGYQFTDRIQADLSAMYAWGKNTTDDKPLPQISPLEGRLNIRYVADKYNLGLLWRAVAEQNRVSLHQGNIVGYDLKPSKGFSTLSLNGSYNLRKDIDVSVGIDNVLDKTYTEHLNKAGSAGFGFASEEQFNNIGRNYWVRMSMKF
ABO10655,hypothetical protein ,MQMISPTRLASFNDMQDSNFFTQFLNICCEKPVQPGYTEYVSLQHALYEGDIEMDKVIDWVMQNPKDHRIIFEKILFQGRDELSELIPTELENFFNYIEQKPEWLDQRQIDEAVKFTHRLGINNGFILRDLSLMAGYLYPGFNQPLILTGALKKEAGTRLAETTKWWVDITEPQGLSRLSAGFTSTIYVRFIHALVRRQLKKSDRWDSEVWGVPLNQFDLAMTNLAFSSVVLLGIRALGIWPTKQEAKSFLHFWRYVGWLMGIDEKWLIQSEPEGWRLLYWMQFAHPRSDHSSVELGSSLSKEPFERKYLHLRSLQQKLAYRQHLELTQFFIGKKRMKLLGLPQQSASWFAYYLIVRNLLLYNGAKLSPKVEKFLSKSGRNIQKLGLTLYQNQGKAKTLASMHQ
ABO10656,putative transcription regulator protein ,MRKAPQQQRSKIIVDHILEATQQCIAQYGLLHTTTPKIAEKSGVSVGSIYQYFENKNQIIEELLRRKSELLGQQLKELVIQQGNIPLELLIPLAIELGFNALKADHGFFIEVLKHWHDYSHSQAAQILEKHFFEVGLYTFSRNPHQWDFEQVKHKSFVIINSTLFTMMRYVSQNNFLISEQQLKRELSSMILAYLSQK
ABO10657,putative acetyltransferase ,MQFKIIAAQDLDRNQRHQIAELCFSAFDEDPWTQYAFMQKAIHVVGILNNQIVSHALWTDRVFTINGSSDVKTAYVEYVTTDYTMRGKGLATQLLKYLVEILTHLEYELAALQPEDEAFYEKLGWTVWKGNLSIKQDTCSYLTDEYEIMLYPLNIQMKDQLSNSSEEDTICADWREGELW
ABO10658,cysteine synthase A/O-acetylserine sulfhydrolase A subunit PLP-dependent enzyme ,MSTDPQFPTPNNLGIAVYSNNAEAIGNTPLVRINRLIKTGATVLAKVESRNPAFSVKCRIGAALIADAEKRGVLKEGMHIVEPTSGNTGIALAFVAAAKGYSITLTMPASMSLERRKVLKALGANLVLTEPAKGMKGAVDEAVRLATEQPEIYFLPQQFENPANPQIHVDTTGPEIWQATGGQVDILIAGVGTGGTITGISRYFEQVQNKPLYSVAVEPAESPIITQTKKGENITPAPHKIQGIGANFIPKNLDLDLVDEVIPVSSEEAIQWARNCATQEGILVGISSGAALAAAAKIAERPENAGKTIVVILPDSGERYLSSVLFEGLFDE
ABO10659,hypothetical protein ,MLTSSLAQDHFAPSQLQRLSLKFFIIALMTIMTGCTSLGPNSGSFSWRSSKLSSGLQKAYSVPPSTANRLSPMIIQSADRYNVPPLLLAAVIRQESSYNSNARSPTGAIGLTQIIPSYWQQTCAGNLYDESTNIQCGAYILNHYYQTADSWFKATAYYNVGPTGYERSFWTRHKAKKYARSVKRHQKTLKSAL
ABO10660,NADPH-dependent FMN reductase ,MKTVAIIYHSRQGHTQFIAKQIQIGVLSHHNIKADLLNAEDLIERPGILIQYDGLIWGSPTYLGGVSSKLKQLMDATGPLWKKQSFKGKLAAGFTVSSLPAGDKQSTLISIFTFCMQHGMLWVGNPILPEQHQGVAYTQAANRLGSWSGLMAQAEQASNADGFDEGDIKTAQQFGENFALTLNAYQGT
ABO10661,putative membrane protein ,MNTSTLFFQALCLGIGATIVMDIWLLILKIFKVPTLNFAFLGRWVGWIFQGKLVHQSIAKSTPIKGEYLLGWIAHYSVGIIFALSFLLIVGSTWLDHPQFYSALLFGLVTVLIPFFIMQPAMGSGFASSKTPHPFLNCLKSLLNHSVFGCGLYLTAKLFQI
ABO10663,hypothetical protein ,MSKKTLIALLCCASLGLTACNDDNDQDQTSPTENVTEPTLISFAKLPVETYAAGPDSGAYVKGANGIYPPFKGQPVQGFSAALKNEDGSYMAMADNGFGTQDNSSDFLLRIYKIKPDFKTKTKGTGQVTVQSFIQLRDPNKLIPFNIINGNTPERLLTGADFDPESMQRTSDGTYWIGDEFGPYLLHFSADGVLLDAPIPLPNPLNPTQELRSPQNQFNKAQINFVEPLVQQSGGFEGMAISPDGQYLYPLIEKPIKSIRETERQLLISQFDIKKKAYTGKYYWFQLDSKATNIGDFQLFNDKEGIIIERDATQNNLGGYKKLIRIKLNESGQLVSREDLVDLIKIANPNMLYGTARAGDIGMGQVFAFPFETIEDVIIENGTTLTVFNDNNFPGSTGRNAKLADDNEIIQIRLPKALF
ABO10665,hypothetical protein ,MYYLITILLLFLTVVMAAKSLSRKHQQDSALKRRAVLSSHEQMTLTRLQTVLPKFTVLAHVSFDALLTTKYAHTRLKYQNMTADFVVLDQNYQVVVVVMLEESGLRRAHQQYERRLLQLAGYRVLSYSTVPDYHELRRDLLTPESEMATLLATPQLERISNAFVKS
